<?xml version="1.0" encoding="utf-8"?>
<game GSCVersion="1.25.5977" PGFVersion="0.25" title="My Great Project">
  <tags />
  <resolutionIndependence>0</resolutionIndependence>
  <instructions>Add game instructions here.</instructions>
  <resolution>3</resolution>
  <longDescription>A simple game.</longDescription>
  <prototypes>
    <actor id="id752485" />
    <actor id="id706515" />
    <actor id="id454657" />
    <actor id="id991506" />
    <actor id="id793484" />
    <actor id="id610812" />
    <actor id="id699944" />
    <actor id="id320790" />
    <actor id="id971060" />
    <actor id="id313974" />
    <actor id="id493214" />
    <actor id="id764139" />
    <actor id="id368643" />
    <actor id="id523859" />
  </prototypes>
  <plugins />
  <scenes>
    <scene id="id900421" />
    <scene id="id808247" />
    <scene id="id343160" />
    <scene id="id920732" />
  </scenes>
  <attributes>
    <text id="name">default name</text>
    <real id="time">0</real>
    <integer id="randomSeed">-1</integer>
    <size id="displaySize">
      <real id="width">1024</real>
      <real id="height">768</real>
    </size>
    <text id="actorTags" />
    <boolean id="platformConnected">false</boolean>
    <enumeration id="playerType">1</enumeration>
    <playermap id="player1 Keymap">
      <text id="dpadUp" />
      <text id="dpadDown" />
      <text id="dpadLeft" />
      <text id="dpadRight" />
      <text id="buttonX" />
      <text id="buttonY" />
      <text id="buttonA" />
      <text id="buttonB" />
      <text id="start" />
      <text id="select" />
      <text id="leftShoulder1" />
      <text id="rightShoulder1" />
      <text id="leftShoulder2" />
      <text id="rightShoulder2" />
      <text id="leftStickClick" />
      <text id="rightStickClick" />
    </playermap>
    <playermap id="player2 Keymap">
      <text id="dpadUp" />
      <text id="dpadDown" />
      <text id="dpadLeft" />
      <text id="dpadRight" />
      <text id="buttonX" />
      <text id="buttonY" />
      <text id="buttonA" />
      <text id="buttonB" />
      <text id="start" />
      <text id="select" />
      <text id="leftShoulder1" />
      <text id="rightShoulder1" />
      <text id="leftShoulder2" />
      <text id="rightShoulder2" />
      <text id="leftStickClick" />
      <text id="rightStickClick" />
    </playermap>
    <playermap id="player3 Keymap">
      <text id="dpadUp" />
      <text id="dpadDown" />
      <text id="dpadLeft" />
      <text id="dpadRight" />
      <text id="buttonX" />
      <text id="buttonY" />
      <text id="buttonA" />
      <text id="buttonB" />
      <text id="start" />
      <text id="select" />
      <text id="leftShoulder1" />
      <text id="rightShoulder1" />
      <text id="leftShoulder2" />
      <text id="rightShoulder2" />
      <text id="leftStickClick" />
      <text id="rightStickClick" />
    </playermap>
    <playermap id="player4 Keymap">
      <text id="dpadUp" />
      <text id="dpadDown" />
      <text id="dpadLeft" />
      <text id="dpadRight" />
      <text id="buttonX" />
      <text id="buttonY" />
      <text id="buttonA" />
      <text id="buttonB" />
      <text id="start" />
      <text id="select" />
      <text id="leftShoulder1" />
      <text id="rightShoulder1" />
      <text id="leftShoulder2" />
      <text id="rightShoulder2" />
      <text id="leftStickClick" />
      <text id="rightStickClick" />
    </playermap>
    <playermap id="player5 Keymap">
      <text id="dpadUp" />
      <text id="dpadDown" />
      <text id="dpadLeft" />
      <text id="dpadRight" />
      <text id="buttonX" />
      <text id="buttonY" />
      <text id="buttonA" />
      <text id="buttonB" />
      <text id="start" />
      <text id="select" />
      <text id="leftShoulder1" />
      <text id="rightShoulder1" />
      <text id="leftShoulder2" />
      <text id="rightShoulder2" />
      <text id="leftStickClick" />
      <text id="rightStickClick" />
    </playermap>
    <playermap id="player6 Keymap">
      <text id="dpadUp" />
      <text id="dpadDown" />
      <text id="dpadLeft" />
      <text id="dpadRight" />
      <text id="buttonX" />
      <text id="buttonY" />
      <text id="buttonA" />
      <text id="buttonB" />
      <text id="start" />
      <text id="select" />
      <text id="leftShoulder1" />
      <text id="rightShoulder1" />
      <text id="leftShoulder2" />
      <text id="rightShoulder2" />
      <text id="leftStickClick" />
      <text id="rightStickClick" />
    </playermap>
    <playermap id="player7 Keymap">
      <text id="dpadUp" />
      <text id="dpadDown" />
      <text id="dpadLeft" />
      <text id="dpadRight" />
      <text id="buttonX" />
      <text id="buttonY" />
      <text id="buttonA" />
      <text id="buttonB" />
      <text id="start" />
      <text id="select" />
      <text id="leftShoulder1" />
      <text id="rightShoulder1" />
      <text id="leftShoulder2" />
      <text id="rightShoulder2" />
      <text id="leftStickClick" />
      <text id="rightStickClick" />
    </playermap>
    <playermap id="player8 Keymap">
      <text id="dpadUp" />
      <text id="dpadDown" />
      <text id="dpadLeft" />
      <text id="dpadRight" />
      <text id="buttonX" />
      <text id="buttonY" />
      <text id="buttonA" />
      <text id="buttonB" />
      <text id="start" />
      <text id="select" />
      <text id="leftShoulder1" />
      <text id="rightShoulder1" />
      <text id="leftShoulder2" />
      <text id="rightShoulder2" />
      <text id="leftStickClick" />
      <text id="rightStickClick" />
    </playermap>
    <adreward id="adReward">
      <integer id="value">0</integer>
      <text id="name" />
    </adreward>
    <table id="id685287" name="PurchaseTable">PurchaseTable</table>
    <boolean id="id560338" name="Gameplay">false</boolean>
  </attributes>
</game>