<?xml version="1.0" encoding="utf-8"?>
<scene PGFVersion="0.25" GSCVersion="1.25.5977" id="id900421">
  <layers>
    <layer id="id139480">
      <actors>
        <actor id="id632655" prototype="id493214">
          <attributes>
            <point id="position">
              <real id="x">531</real>
              <real id="y">309</real>
            </point>
            <size id="size">
              <real id="width">1600</real>
              <real id="height">1200</real>
            </size>
            <angle id="rotation">0</angle>
          </attributes>
          <aspects />
        </actor>
        <actor id="id334926" prototype="id793484">
          <attributes>
            <point id="position">
              <real id="x">515</real>
              <real id="y">354</real>
            </point>
            <size id="size">
              <real id="width">444</real>
              <real id="height">202</real>
            </size>
            <angle id="rotation">0</angle>
          </attributes>
          <aspects />
        </actor>
        <actor id="id466063" prototype="id320790">
          <attributes>
            <point id="position">
              <real id="x">505</real>
              <real id="y">617</real>
            </point>
            <size id="size">
              <real id="width">842</real>
              <real id="height">174</real>
            </size>
            <angle id="rotation">0</angle>
          </attributes>
          <aspects />
        </actor>
        <actor id="id942608" prototype="id971060">
          <attributes>
            <point id="position">
              <real id="x">516</real>
              <real id="y">105</real>
            </point>
            <size id="size">
              <real id="width">936</real>
              <real id="height">145</real>
            </size>
            <angle id="rotation">0</angle>
          </attributes>
          <aspects />
        </actor>
      </actors>
      <attributes>
        <text id="name">Background</text>
        <boolean id="scrollable">true</boolean>
      </attributes>
    </layer>
  </layers>
  <attributes>
    <text id="name">Start game</text>
    <real id="time">0</real>
    <size id="size">
      <real id="width">1024</real>
      <real id="height">768</real>
    </size>
    <boolean id="wrapX">false</boolean>
    <boolean id="wrapY">false</boolean>
    <point id="gravity">
      <real id="x">0</real>
      <real id="y">0</real>
    </point>
    <color id="color">
      <real id="red">0</real>
      <real id="green">0</real>
      <real id="blue">0</real>
      <real id="alpha">1</real>
    </color>
    <rect id="camera">
      <point id="origin">
        <real id="x">0</real>
        <real id="y">0</real>
      </point>
      <size id="size">
        <real id="width">1024</real>
        <real id="height">768</real>
      </size>
      <size id="trackingArea">
        <real id="width">944</real>
        <real id="height">708</real>
      </size>
      <real id="rotation">0</real>
    </rect>
    <attributes id="autorotate">
      <boolean id="landscapeLeft">true</boolean>
      <boolean id="portrait">false</boolean>
      <boolean id="landscapeRight">false</boolean>
      <boolean id="portraitUpsideDown">false</boolean>
    </attributes>
  </attributes>
</scene>