<?xml version="1.0" encoding="utf-8"?>
<scene PGFVersion="0.25" GSCVersion="1.25.5977" id="id343160">
  <layers>
    <layer id="id455549">
      <actors>
        <actor id="id309186" prototype="id764139">
          <attributes>
            <point id="position">
              <real id="x">502</real>
              <real id="y">593</real>
            </point>
            <size id="size">
              <real id="width">849</real>
              <real id="height">106</real>
            </size>
            <angle id="rotation">0</angle>
          </attributes>
          <aspects />
        </actor>
        <actor id="id991747" prototype="id523859">
          <attributes>
            <point id="position">
              <real id="x">510</real>
              <real id="y">372</real>
            </point>
            <size id="size">
              <real id="width">305</real>
              <real id="height">314</real>
            </size>
            <angle id="rotation">0</angle>
          </attributes>
          <aspects />
        </actor>
      </actors>
      <attributes>
        <text id="name">Background</text>
        <boolean id="scrollable">true</boolean>
      </attributes>
    </layer>
  </layers>
  <attributes>
    <text id="name">Winner p1</text>
    <real id="time">0</real>
    <size id="size">
      <real id="width">1024</real>
      <real id="height">768</real>
    </size>
    <boolean id="wrapX">false</boolean>
    <boolean id="wrapY">false</boolean>
    <point id="gravity">
      <real id="x">0</real>
      <real id="y">0</real>
    </point>
    <color id="color">
      <real id="red">0</real>
      <real id="green">0</real>
      <real id="blue">0</real>
      <real id="alpha">1</real>
    </color>
    <rect id="camera">
      <point id="origin">
        <real id="x">0</real>
        <real id="y">0</real>
      </point>
      <size id="size">
        <real id="width">1024</real>
        <real id="height">768</real>
      </size>
      <size id="trackingArea">
        <real id="width">944</real>
        <real id="height">708</real>
      </size>
      <real id="rotation">0</real>
    </rect>
    <attributes id="autorotate">
      <boolean id="landscapeLeft">true</boolean>
      <boolean id="portrait">false</boolean>
      <boolean id="landscapeRight">false</boolean>
      <boolean id="portraitUpsideDown">false</boolean>
    </attributes>
  </attributes>
</scene>